index,category,country,longitude,latitude,cloud_cover,year,month,day
0,tunnel_opening,PRK,125.9379985428,39.11128435542,0,2010,5,1
1,tunnel_opening,PRK,125.9379985428,39.11128435542,0,2010,5,1
2,tunnel_opening,PRK,125.9379985428,39.11128435542,0,2010,12,13
3,tunnel_opening,CHN,108.9490400428,34.000635290780004,0,2010,12,19
4,tunnel_opening,CHN,112.2504667424,23.7692810066,1,2012,10,22
5,tunnel_opening,CHN,115.9940971424,29.704754465259995,8,2010,9,20
6,tunnel_opening,CHN,115.9940971424,29.704754465259995,3,2007,7,29
7,tunnel_opening,CHN,120.7068462424,27.9391898899,7,2012,9,17
8,tunnel_opening,CHN,120.7068462424,27.9391898899,8,2010,9,18
9,tunnel_opening,CHN,119.2801313424,28.65780270166,0,2011,11,24
10,tunnel_opening,CHN,119.2801313424,28.65780270166,1,2011,11,25
11,tunnel_opening,CHN,119.2801313424,28.65780270166,0,2012,9,30
12,tunnel_opening,CHN,118.3706401424,29.3901109299,5,2010,11,14
13,tunnel_opening,CHN,120.5611165424,27.650224917360006,2,2008,7,1
14,tunnel_opening,CHN,120.5611165424,27.650224917360006,0,2012,10,15
15,tunnel_opening,CHN,105.4305460424,35.71241906388001,0,2012,11,12
16,tunnel_opening,CHN,119.6687606418,27.87977326858,1,2012,11,27
17,tunnel_opening,PRK,126.6323753424,37.96138736998,0,2011,1,28
18,tunnel_opening,PRK,126.6323753424,37.96138736998,0,2011,2,9
19,tunnel_opening,PRK,126.6323753424,37.96138736998,0,2011,2,9
20,tunnel_opening,PRK,126.6323753424,37.96138736998,0,2011,1,12
21,tunnel_opening,PRK,126.6323753424,37.96138736998,0,2010,9,7
22,tunnel_opening,PRK,126.6323753424,37.96138736998,0,2011,10,31
23,tunnel_opening,PRK,126.6323753424,37.96138736998,0,2010,5,7
24,tunnel_opening,PRK,126.6323753424,37.96138736998,0,2012,1,10
25,tunnel_opening,CHN,112.8383748424,26.99106760706,0,2011,2,7
26,tunnel_opening,CHN,112.8383748424,26.99106760706,1,2010,9,17
27,tunnel_opening,CHN,114.1947617424,22.55947471274,0,2010,11,3
28,tunnel_opening,CHN,114.1947617424,22.55947471274,0,2010,11,3
29,tunnel_opening,CHN,119.8516832428,28.51335125204,0,2011,11,24
30,tunnel_opening,CHN,118.35487544240002,29.31769204798,5,2010,11,14
31,tunnel_opening,CHN,116.0275416424,40.33438455564,5,2012,8,23
32,tunnel_opening,CHN,121.6101702418,28.34806552536,0,2012,12,4
33,tunnel_opening,KOR,127.7120772424,34.95716329374,0,2012,3,15
34,tunnel_opening,KOR,127.6526590428,34.96335692224,0,2012,3,15
35,tunnel_opening,CHN,108.5369502424,30.949979067940003,1,2009,9,22
36,tunnel_opening,CHN,108.7132146418,30.938897322699997,1,2009,9,22
37,tunnel_opening,CHN,110.7292515424,31.917665881980003,10,2010,7,7
38,tunnel_opening,KOR,127.1803030424,36.76736151668,1,2006,5,1
39,tunnel_opening,CHN,121.1432230424,28.111615135320005,0,2012,11,14
40,tunnel_opening,CHN,121.2291035424,28.82198033064,0,2012,10,15
41,tunnel_opening,CHN,121.2291035424,28.82198033064,54,2012,11,2
42,tunnel_opening,CHN,108.94770559794922,33.992991636763485,0,2010,12,19
43,tunnel_opening,CHN,118.4794417424,28.28042606996,5,2010,11,14
44,tunnel_opening,PRK,125.9277827424,39.10858534156,0,2010,12,13
45,tunnel_opening,PRK,125.9277827424,39.10858534156,0,2010,10,24
46,tunnel_opening,PRK,125.9277827424,39.10858534156,0,2010,5,1
47,tunnel_opening,PRK,125.9277827424,39.10858534156,0,2010,5,1
48,tunnel_opening,PRK,126.4499093894,39.07909964378,0,2007,1,21
49,tunnel_opening,PRK,126.4499093894,39.07909964378,0,2011,9,23
50,tunnel_opening,PRK,126.4499093894,39.07909964378,0,2008,10,12
51,tunnel_opening,PRK,126.4499093894,39.07909964378,19,2004,9,26
52,tunnel_opening,CHN,118.4626558424,29.098753997440003,5,2010,11,14
53,tunnel_opening,CHN,121.6036830428,28.98280064942,0,2012,12,4
54,tunnel_opening,CHN,100.87273474239998,22.03135941508,26,2012,8,12
55,tunnel_opening,KOR,127.7123186428,34.95849100038,0,2012,3,15
56,tunnel_opening,CHN,102.6356487428,29.3405476371,0,2012,4,1
57,tunnel_opening,CHN,123.4524316424,41.74731681152,0,2010,12,1
58,tunnel_opening,CHN,123.4524316424,41.74731681152,16,2012,11,7
59,tunnel_opening,CHN,123.4524316424,41.74731681152,0,2011,11,15
60,tunnel_opening,CHN,123.4524316424,41.74731681152,0,2009,4,2
61,tunnel_opening,CHN,120.8153052424,27.946344716839995,0,2012,10,3
62,tunnel_opening,CHN,120.8153052424,27.946344716839995,7,2012,9,17
63,tunnel_opening,CHN,116.4300879424,39.90661666968,0,2010,9,27
64,tunnel_opening,CHN,116.4300879424,39.90661666968,0,2009,12,22
65,tunnel_opening,KOR,126.8314725424,37.31647314314,0,2012,1,10
66,tunnel_opening,CHN,120.3100902428,29.60919678868,17,2012,11,11
67,tunnel_opening,CHN,120.3100902428,29.60919678868,14,2009,12,23
68,tunnel_opening,PRK,126.3282374424,40.26201128408,0,2010,12,31
69,tunnel_opening,PRK,126.3282374424,40.26201128408,0,2006,12,3
70,tunnel_opening,PRK,126.3282374424,40.26201128408,24,2007,1,3
71,tunnel_opening,PRK,126.3282374424,40.26201128408,23,2009,10,23
72,tunnel_opening,PRK,126.3282374424,40.26201128408,0,2007,1,31
73,tunnel_opening,CHN,121.0407898424,30.91572892762,29,2012,10,4
74,tunnel_opening,CHN,105.3501053428,32.83301947916,6,2012,7,5
75,tunnel_opening,CHN,105.3887953428,35.68865825374,0,2012,11,12
76,tunnel_opening,CHN,121.8048087424,31.143993064040004,22,2012,8,30
77,tunnel_opening,CHN,121.8048087424,31.143993064040004,2,2012,11,14
78,tunnel_opening,KOR,127.7376414428,34.979999698079986,0,2012,3,15
79,tunnel_opening,CHN,121.2151652418,28.811340289259995,54,2012,11,2
80,tunnel_opening,CHN,121.2151652418,28.811340289259995,0,2012,11,14
81,tunnel_opening,CHN,121.2151652418,28.811340289259995,0,2012,10,15
82,tunnel_opening,CHN,120.3081360418,28.11209413666,0,2009,12,6
83,tunnel_opening,CHN,119.9427941428,27.83162148946,4,2009,11,7
84,tunnel_opening,CHN,119.9427941428,27.83162148946,0,2011,11,24
85,tunnel_opening,CHN,112.2511005424,23.76776380138,1,2012,10,22
86,tunnel_opening,CHN,121.1121864424,28.897638821500006,54,2012,11,2
87,tunnel_opening,CHN,121.1121864424,28.897638821500006,0,2012,11,14
88,tunnel_opening,CHN,118.76588384240002,30.0177323049,0,2012,10,19
89,tunnel_opening,CHN,118.4144472424,29.209048324940003,5,2010,11,14
90,tunnel_opening,CHN,118.4277539424,29.146139180820004,5,2010,11,14
91,tunnel_opening,CHN,121.3390013428,29.27380977712,2,2012,12,19
92,tunnel_opening,CHN,121.3390013428,29.27380977712,0,2012,1,26
93,tunnel_opening,CHN,121.3390013428,29.27380977712,11,2012,10,15
94,tunnel_opening,CHN,106.4734850428,32.24757047572,5,2012,4,20
95,tunnel_opening,CHN,118.4489205424,28.19781475868,0,2011,10,19
96,tunnel_opening,CHN,118.4489205424,28.19781475868,5,2010,11,14
97,tunnel_opening,CHN,120.2666514418,31.52552064212,1,2012,6,12
98,tunnel_opening,CHN,120.2666514418,31.52552064212,0,2011,9,3
99,tunnel_opening,CHN,120.2666514418,31.52552064212,11,2012,6,12
100,tunnel_opening,CHN,104.1278239428,30.526487446040004,5,2007,2,3
101,tunnel_opening,CHN,120.3717998418,27.50503978164,0,2010,3,18
102,tunnel_opening,CHN,120.3717998418,27.50503978164,1,2011,12,19
103,tunnel_opening,CHN,106.5618336418,34.47635411818,7,2011,10,7
104,tunnel_opening,CHN,103.9559252424,30.59976534188,5,2011,1,11
105,tunnel_opening,CHN,119.26206624239998,26.052134868120003,0,2010,11,2
106,tunnel_opening,CHN,119.26206624239998,26.052134868120003,18,2007,7,4
107,tunnel_opening,CHN,119.26206624239998,26.052134868120003,47,2007,7,25
108,tunnel_opening,CHN,111.9256712424,22.98597292902,1,2012,10,22
109,tunnel_opening,CHN,111.9256712424,22.98597292902,0,2012,12,31
110,tunnel_opening,CHN,120.9279056424,29.29203734778,2,2009,4,10
111,tunnel_opening,CHN,120.9279056424,29.29203734778,0,2012,11,18
112,tunnel_opening,CHN,120.9279056424,29.29203734778,0,2012,11,14
113,tunnel_opening,CHN,109.5302173424,36.35048374494001,0,2012,3,29
114,tunnel_opening,CHN,117.9631302418,40.940437685700005,0,2011,9,5
115,tunnel_opening,PRK,125.8520831854,39.75547053358,0,2010,8,2
116,tunnel_opening,KOR,127.1402687424,36.77452825084,1,2006,5,1
117,tunnel_opening,CHN,120.5764052428,28.106271115220004,0,2012,10,15
118,tunnel_opening,CHN,116.0699370424,28.58968254256,8,2010,9,20
119,tunnel_opening,CHN,116.0699370424,28.58968254256,0,2008,3,27
120,tunnel_opening,CHN,116.0699370424,28.58968254256,6,2012,8,5
121,tunnel_opening,KOR,127.4315048418,36.81825175922,0,2007,2,11
122,tunnel_opening,CHN,118.9657886424,27.614409284579995,6,2012,9,8
123,tunnel_opening,CHN,118.9657886424,27.614409284579995,0,2010,3,12
124,tunnel_opening,CHN,121.4330327428,29.39666485576,11,2012,10,15
125,tunnel_opening,CHN,107.4963334424,29.473313556020003,0,2010,8,3
126,tunnel_opening,CHN,109.4600489424,36.5944230967,0,2012,3,29
127,tunnel_opening,CHN,120.7257374428,28.41630588358,19,2010,11,20
128,tunnel_opening,CHN,120.7257374428,28.41630588358,1,2012,11,7
129,tunnel_opening,CHN,100.1966531424,25.91032277354001,2,2012,10,25
130,tunnel_opening,CHN,117.5362599424,26.689324722860004,1,2012,7,2
131,tunnel_opening,CHN,114.09732924240002,22.591798412,0,2010,11,3
132,tunnel_opening,CHN,120.5767973428,28.10420440696,0,2012,10,15
133,tunnel_opening,CHN,113.9661565424,22.57801416938,5,2010,8,4
134,tunnel_opening,CHN,113.9661565424,22.57801416938,2,2011,4,11
135,tunnel_opening,CHN,104.7317327424,28.419083894560004,0,2011,11,9
136,tunnel_opening,CHN,121.6079826418,28.87542093546,0,2012,12,4
137,tunnel_opening,CHN,120.8020539424,28.03489604748,15,2009,9,6
138,tunnel_opening,CHN,120.8020539424,28.03489604748,0,2012,10,3
139,tunnel_opening,CHN,111.1857794418,38.92640813154,0,2012,12,23
140,tunnel_opening,CHN,119.9518634424,28.67612097242,0,2011,11,24
141,tunnel_opening,KOR,127.5409239424,36.79440664601999,0,2007,2,11
142,tunnel_opening,CHN,113.9198650424,37.92160377562,0,2011,2,4
143,tunnel_opening,PRK,126.4097551424,38.23370480314,1,2008,12,28
144,tunnel_opening,PRK,126.4097551424,38.23370480314,0,2012,12,20
145,tunnel_opening,CHN,120.2209458424,28.00743984512,3,2009,11,25
146,tunnel_opening,CHN,120.2209458424,28.00743984512,0,2009,12,6
147,tunnel_opening,CHN,120.2209458424,28.00743984512,7,2012,9,17
148,tunnel_opening,KOR,127.1765372418,36.78165738504,1,2006,5,1
149,tunnel_opening,CHN,120.3813037424,29.37295746312,14,2009,12,23
150,tunnel_opening,CHN,116.1323244428,39.91343170392,0,2010,9,27
151,tunnel_opening,CHN,106.4756736428,32.247859476799995,5,2012,4,20
152,tunnel_opening,KOR,127.7122887424,34.746407336740006,0,2012,3,15
153,tunnel_opening,CHN,121.4575263424,29.28877563518,11,2012,10,15
154,tunnel_opening,CHN,119.9437521418,28.4327887466,0,2011,11,24
155,tunnel_opening,CHN,122.0633708428,37.515093401360005,1,2012,10,12
156,tunnel_opening,CHN,118.5679823424,32.07569134754,0,2012,12,8
157,tunnel_opening,CHN,118.5679823424,32.07569134754,3,2012,9,16
158,tunnel_opening,CHN,118.5679823424,32.07569134754,0,2010,10,31
159,tunnel_opening,PRK,126.4282596898,38.2098301857,0,2012,12,20
160,tunnel_opening,PRK,126.4282596898,38.2098301857,1,2008,12,28
161,tunnel_opening,CHN,113.0374001424,22.57840657088,0,2011,12,23
162,tunnel_opening,CHN,119.9244548424,29.9822853639,0,2012,10,1
163,tunnel_opening,CHN,119.9244548424,29.9822853639,0,2011,11,24
164,tunnel_opening,CHN,120.6250560418,28.08028311792,1,2012,11,7
165,tunnel_opening,CHN,120.6250560418,28.08028311792,19,2010,11,20
166,tunnel_opening,CHN,121.7498199424,29.51786423012,0,2009,1,15
167,tunnel_opening,CHN,116.0118103424,29.65447206714,8,2010,9,20
168,tunnel_opening,CHN,116.0118103424,29.65447206714,3,2007,7,29
169,tunnel_opening,CHN,119.3131216424,36.69409776878,0,2011,12,10
170,tunnel_opening,CHN,119.3131216424,36.69409776878,0,2009,12,28
171,tunnel_opening,CHN,119.3131216424,36.69409776878,7,2012,6,3
172,tunnel_opening,CHN,104.3807891428,28.6293964938,5,2012,2,23
173,tunnel_opening,CHN,104.3807891428,28.6293964938,3,2012,2,23
174,tunnel_opening,CHN,120.7806629424,28.05985424058,0,2012,10,3
175,tunnel_opening,CHN,120.7806629424,28.05985424058,14,2012,1,1
176,tunnel_opening,CHN,111.8982038428,22.97842620588,0,2012,12,31
177,tunnel_opening,CHN,111.8982038428,22.97842620588,1,2012,10,22
178,tunnel_opening,CHN,117.9608418424,28.853999353640003,33,2012,12,24
179,tunnel_opening,CHN,112.2544598428,23.736189400440008,1,2012,10,22
180,tunnel_opening,CHN,108.9287053424,33.97576238042,0,2010,12,19
181,tunnel_opening,KOR,127.1821088424,36.7679645195,1,2006,5,1
182,tunnel_opening,CHN,121.7209564424,29.963218788340004,0,2009,1,15
183,tunnel_opening,PRK,125.8868530424,39.591692472000005,0,2005,11,9
184,tunnel_opening,PRK,125.8868530424,39.591692472000005,0,2004,3,7
185,tunnel_opening,PRK,125.8868530424,39.591692472000005,0,2003,10,30
186,tunnel_opening,CHN,117.2902449424,36.6155396965,0,2012,11,1
187,tunnel_opening,CHN,109.7383244428,33.79471507844001,0,2012,12,9
188,tunnel_opening,CHN,120.3158939418,30.18556977532,17,2012,11,11
189,tunnel_opening,CHN,121.2934539424,29.6730822405,0,2012,1,26
190,tunnel_opening,CHN,117.7267284424,35.81941756032,0,2012,3,25
191,tunnel_opening,CHN,117.7267284424,35.81941756032,0,2010,1,21
192,tunnel_opening,CHN,117.7267284424,35.81941756032,11,2012,10,14
193,tunnel_opening,CHN,117.7267284424,35.81941756032,0,2012,3,11
194,tunnel_opening,CHN,121.2978652424,29.107207429920003,2,2012,12,19
195,tunnel_opening,CHN,121.2978652424,29.107207429920003,0,2012,1,26
196,tunnel_opening,CHN,118.4792626424,28.90155653608,5,2010,11,14
197,tunnel_opening,CHN,120.5162382424,29.41925874396,0,2009,12,23
198,tunnel_opening,CHN,120.5162382424,29.41925874396,0,2012,3,25
199,tunnel_opening,CHN,113.3501340424,23.1542962545,0,2011,10,19
200,tunnel_opening,CHN,121.8109501428,31.12764019682,22,2012,8,30
201,tunnel_opening,CHN,121.8109501428,31.12764019682,2,2012,11,14
202,tunnel_opening,CHN,120.3121285428,28.140354543240004,0,2009,12,6
203,tunnel_opening,CHN,111.4709568424,26.72331364388,0,2012,3,27
204,tunnel_opening,CHN,119.6376415424,29.79195770938,0,2010,12,8
205,tunnel_opening,CHN,119.6376415424,29.79195770938,3,2012,9,20
206,tunnel_opening,CHN,117.9977962424,25.50614617688,15,2012,5,8
207,tunnel_opening,CHN,110.17093934240002,25.28656092588,0,2011,11,20
208,tunnel_opening,CHN,116.0140789424,29.65428836642,8,2010,9,20
209,tunnel_opening,CHN,116.0140789424,29.65428836642,3,2007,7,29
210,tunnel_opening,CHN,121.4650369424,31.2501419008,4,2008,11,27
211,tunnel_opening,CHN,121.4650369424,31.2501419008,14,2008,7,11
212,tunnel_opening,CHN,121.4650369424,31.2501419008,0,2009,12,31
213,tunnel_opening,CHN,121.4650369424,31.2501419008,0,2009,4,2
214,tunnel_opening,CHN,116.3605587424,36.109839415100005,1,2012,3,27
215,tunnel_opening,CHN,116.3605587424,36.109839415100005,11,2012,3,30
216,tunnel_opening,CHN,119.17051524180002,27.09653728952,0,2010,11,2
217,tunnel_opening,CHN,118.5115637424,28.3727577187,0,2011,11,21
218,tunnel_opening,CHN,121.4272543424,30.0767324405,0,2009,12,20
219,tunnel_opening,CHN,121.4272543424,30.0767324405,0,2009,12,31
220,tunnel_opening,CHN,120.9443552424,30.438549290540003,29,2012,10,4
221,tunnel_opening,CHN,113.78495314239998,23.257831479880004,22,2011,4,14
222,tunnel_opening,CHN,117.9874152424,41.01466237211999,0,2011,9,5
223,tunnel_opening,CHN,117.9874152424,41.01466237211999,2,2011,3,27
224,tunnel_opening,CHN,110.3718514424,36.06852992218,1,2012,5,6
225,tunnel_opening,KOR,127.7134302424,34.745791033939994,0,2012,3,15
226,tunnel_opening,CHN,116.12798554239998,39.91733812424,0,2010,9,27
227,tunnel_opening,CHN,115.58995154180002,40.0200458469,3,2012,8,23
228,tunnel_opening,CHN,119.3218230418,29.849273536020004,0,2012,9,30
229,tunnel_opening,CHN,109.5401965418,36.2237883494,0,2012,3,29
230,tunnel_opening,CHN,121.3890856424,28.35604605578,28,2011,8,21
231,tunnel_opening,KOR,127.7942153418,34.988760338,0,2012,3,15
232,tunnel_opening,CHN,119.8797584418,28.6248200765,0,2011,11,24
233,tunnel_opening,KOR,127.4311056428,36.82793890492,0,2007,2,11
234,tunnel_opening,CHN,114.9000515424,30.00535705554,0,2010,1,2
235,tunnel_opening,CHN,117.6364218428,26.31169898074,12,2006,9,24
236,tunnel_opening,CHN,117.6364218428,26.31169898074,2,2007,10,25
237,tunnel_opening,CHN,117.6364218428,26.31169898074,0,2011,4,25
238,tunnel_opening,CHN,109.8014862418,33.755954406659995,0,2012,12,9
239,tunnel_opening,CHN,109.3338705418,35.92189953822,0,2012,4,4
240,tunnel_opening,PRK,125.7597904418,39.06000079882,0,2010,12,12
241,tunnel_opening,PRK,125.7597904418,39.06000079882,0,2010,10,24
242,tunnel_opening,PRK,125.7597904418,39.06000079882,0,2010,4,25
243,tunnel_opening,PRK,125.7597904418,39.06000079882,0,2010,4,25
244,tunnel_opening,PRK,125.7597904418,39.06000079882,0,2010,10,7
245,tunnel_opening,PRK,125.7597904418,39.06000079882,0,2009,12,20
246,tunnel_opening,CHN,116.2730250424,39.79080678032,0,2011,11,20
247,tunnel_opening,CHN,116.2730250424,39.79080678032,0,2011,11,23
248,tunnel_opening,CHN,119.6458315424,28.18211750004,1,2012,11,27
249,tunnel_opening,CHN,119.6458315424,28.18211750004,0,2010,12,8
250,tunnel_opening,CHN,108.5683102424,30.959662807720004,1,2009,9,22
251,tunnel_opening,CHN,117.0230026424,25.711429883340006,12,2006,9,24
252,tunnel_opening,CHN,100.1075781424,25.9000686373,21,2012,9,25
253,tunnel_opening,CHN,100.1075781424,25.9000686373,2,2012,10,25
254,tunnel_opening,CHN,121.1963665424,28.793555222,54,2012,11,2
255,tunnel_opening,CHN,121.1963665424,28.793555222,0,2012,11,14
256,tunnel_opening,CHN,103.0391325428,24.8706885213,0,2012,2,1
257,tunnel_opening,CHN,114.1498066424,23.59254164058,0,2010,11,3
258,tunnel_opening,PRK,125.72851028979996,38.57650219270001,0,2012,11,14
259,tunnel_opening,PRK,125.72851028979996,38.57650219270001,0,2002,4,20
260,tunnel_opening,PRK,125.72851028979996,38.57650219270001,0,2005,1,7
261,tunnel_opening,PRK,125.72851028979996,38.57650219270001,0,2008,1,8
262,tunnel_opening,PRK,125.72851028979996,38.57650219270001,0,2006,11,12
263,tunnel_opening,PRK,125.72851028979996,38.57650219270001,0,2007,10,15
264,tunnel_opening,CHN,113.2700417428,23.90384093992,0,2010,10,28
265,tunnel_opening,CHN,107.8553113424,31.61705992334,17,2011,8,9
266,tunnel_opening,CHN,107.8553113424,31.61705992334,11,2011,6,15
267,tunnel_opening,CHN,107.8553113424,31.61705992334,0,2011,5,19
268,tunnel_opening,CHN,118.1398780424,31.026175079800005,0,2010,11,22
269,tunnel_opening,CHN,119.39887954239998,25.97267889058,47,2007,7,25
270,tunnel_opening,CHN,102.7475595424,29.6309761745,0,2012,4,1
271,tunnel_opening,CHN,120.5956903424,28.1533197914,0,2012,10,15
272,tunnel_opening,CHN,120.5956903424,28.1533197914,19,2010,11,20
273,tunnel_opening,CHN,120.5956903424,28.1533197914,1,2012,11,7
274,tunnel_opening,CHN,113.3530671424,23.234011704979995,0,2011,10,19
275,tunnel_opening,CHN,109.3210520428,36.85674534248,0,2012,12,31
276,tunnel_opening,CHN,118.8946800424,40.38612012162,0,2011,9,19
277,tunnel_opening,CHN,110.5689138428,25.63249681102,0,2011,11,20
278,tunnel_opening,CHN,114.1572991424,23.596105652660004,0,2010,11,3
279,tunnel_opening,CHN,119.7041820424,28.310024081580003,1,2012,11,27
280,tunnel_opening,CHN,119.7041820424,28.310024081580003,0,2010,12,8
281,tunnel_opening,KOR,127.4263031424,36.69500537344,0,2007,2,11
282,tunnel_opening,CHN,120.35859354240002,29.49897475626,14,2009,12,23
283,tunnel_opening,CHN,120.02255544240002,27.780002497519995,4,2009,11,7
284,tunnel_opening,CHN,110.5165105424,24.784536233340003,0,2009,12,5
285,tunnel_opening,CHN,121.2931453424,29.12757580862,0,2012,1,26
286,tunnel_opening,CHN,117.83669644239998,40.46538642904,0,2011,9,5
287,tunnel_opening,CHN,105.4084375424,32.61472574092001,6,2012,7,5
288,tunnel_opening,CHN,105.4084375424,32.61472574092001,1,2010,4,23
289,tunnel_opening,CHN,114.9892028424,40.85052731928001,1,2011,4,27
290,tunnel_opening,CHN,114.9892028424,40.85052731928001,4,2010,8,25
291,tunnel_opening,CHN,119.2333441428,28.745387137340003,1,2011,11,25
292,tunnel_opening,PRK,126.4806954394,38.04859349556,0,2011,10,31
293,tunnel_opening,PRK,126.4806954394,38.04859349556,0,2012,12,20
294,tunnel_opening,PRK,126.4806954394,38.04859349556,0,2010,9,7
295,tunnel_opening,PRK,126.4806954394,38.04859349556,0,2010,5,7
296,tunnel_opening,CHN,115.0226864424,22.8111150868,0,2010,11,25
297,tunnel_opening,PRK,125.7604469424,39.79476270046,0,2010,8,2
298,tunnel_opening,CHN,119.1655357424,29.293488853840003,1,2011,11,25
299,tunnel_opening,CHN,108.9467285424,33.990521445839995,0,2010,12,19
300,tunnel_opening,CHN,104.6162183428,25.98967774996,5,2012,12,20
301,tunnel_opening,CHN,119.6076585424,28.130463605760003,0,2010,12,8
302,tunnel_opening,CHN,119.6076585424,28.130463605760003,1,2012,11,27
303,tunnel_opening,CHN,114.0545607424,22.94362799748,9,2005,11,16
304,tunnel_opening,CHN,120.3875128424,29.23182951342,0,2011,5,20
305,tunnel_opening,CHN,120.3875128424,29.23182951342,14,2009,12,23
306,tunnel_opening,CHN,120.3875128424,29.23182951342,0,2011,5,20
307,tunnel_opening,CHN,119.4428187418,26.00254129454,47,2007,7,25
308,tunnel_opening,CHN,119.4428187418,26.00254129454,0,2008,12,2
309,tunnel_opening,CHN,119.4428187418,26.00254129454,0,2009,3,15
310,tunnel_opening,CHN,120.5114322424,29.41936894464,0,2009,12,23
311,tunnel_opening,CHN,120.5114322424,29.41936894464,0,2012,3,25
312,tunnel_opening,CHN,120.4217609424,27.32834763342,1,2011,12,19
313,tunnel_opening,CHN,120.4217609424,27.32834763342,0,2012,12,19
314,tunnel_opening,PRK,125.6748809394,39.005349225020005,0,2009,12,20
315,tunnel_opening,PRK,125.6748809394,39.005349225020005,0,2010,4,25
316,tunnel_opening,PRK,125.6748809394,39.005349225020005,0,2010,4,3
317,tunnel_opening,CHN,119.2767826424,26.09700192504,0,2010,11,2
318,tunnel_opening,CHN,119.2767826424,26.09700192504,18,2007,7,4
319,tunnel_opening,KOR,127.5271572418,36.72588092036,0,2007,2,11
320,tunnel_opening,CHN,118.2517950424,36.53373430958,0,2011,11,13
321,tunnel_opening,CHN,120.1868294428,27.90822377462,7,2012,9,17
322,tunnel_opening,CHN,120.1868294428,27.90822377462,3,2009,11,25
323,tunnel_opening,CHN,109.2264833428,35.6097916889,0,2012,4,4
324,tunnel_opening,CHN,114.5773506428,22.64394607188,0,2011,12,2
325,tunnel_opening,CHN,112.5654007424,23.4043855433,19,2012,8,24
326,tunnel_opening,CHN,112.5654007424,23.4043855433,10,2011,11,23
327,tunnel_opening,PRK,125.7599622394,39.0597067964,0,2010,4,25
328,tunnel_opening,PRK,125.7599622394,39.0597067964,0,2010,4,25
329,tunnel_opening,PRK,125.7599622394,39.0597067964,0,2010,10,24
330,tunnel_opening,PRK,125.7599622394,39.0597067964,0,2009,12,20
331,tunnel_opening,PRK,125.7599622394,39.0597067964,0,2010,10,7
332,tunnel_opening,PRK,125.7599622394,39.0597067964,0,2010,12,13
333,tunnel_opening,PRK,125.7599622394,39.0597067964,0,2010,12,12
334,tunnel_opening,PRK,126.37778314279998,39.894437507460005,4,2011,9,20
335,tunnel_opening,PRK,126.37778314279998,39.894437507460005,0,2011,9,23
336,tunnel_opening,PRK,126.37778314279998,39.894437507460005,0,2011,4,19
337,tunnel_opening,PRK,126.37778314279998,39.894437507460005,0,2002,11,4
338,tunnel_opening,PRK,126.37778314279998,39.894437507460005,24,2007,1,3
339,tunnel_opening,PRK,126.37778314279998,39.894437507460005,0,2010,12,31
340,tunnel_opening,PRK,126.37778314279998,39.894437507460005,27,2008,2,21
341,tunnel_opening,CHN,120.1259024424,27.77717078716,3,2009,11,25
342,tunnel_opening,JPN,127.7492789424,26.25021366336,0,2010,3,13
343,tunnel_opening,PRK,126.3176377424,39.97390511164,0,2011,4,19
344,tunnel_opening,PRK,126.3176377424,39.97390511164,0,2007,3,18
345,tunnel_opening,PRK,126.3176377424,39.97390511164,24,2007,1,3
346,tunnel_opening,PRK,126.3176377424,39.97390511164,0,2011,9,23
347,tunnel_opening,PRK,126.3176377424,39.97390511164,0,2010,12,31
348,tunnel_opening,PRK,126.3176377424,39.97390511164,0,2011,9,23
349,tunnel_opening,CHN,112.8097448424,27.86559881486,0,2011,2,7
350,tunnel_opening,CHN,112.8097448424,27.86559881486,1,2010,9,17
351,tunnel_opening,CHN,118.0015740424,40.7937209242,0,2011,9,5
352,tunnel_opening,CHN,121.2251183424,29.02794482352,0,2012,1,26
353,tunnel_opening,CHN,121.2251183424,29.02794482352,54,2012,11,2
354,tunnel_opening,CHN,103.34261264239998,26.30471425634,2,2012,2,20
355,tunnel_opening,CHN,111.27168034180002,38.82887074604,0,2012,12,23
356,tunnel_opening,CHN,118.0366221424,30.315983797540003,0,2010,2,20
357,tunnel_opening,TWN,120.4194828418,22.820704516400003,0,2010,4,9
358,tunnel_opening,CHN,120.2831950424,36.00140220822,1,2011,11,13
359,tunnel_opening,CHN,120.2831950424,36.00140220822,0,2012,9,30
360,tunnel_opening,KOR,126.6924584418,37.50841386952,6,2006,8,4
361,tunnel_opening,CHN,112.5762121418,23.39791702222,10,2011,11,23
362,tunnel_opening,CHN,118.5833418428,28.948112815440005,0,2011,11,21
363,tunnel_opening,CHN,118.5833418428,28.948112815440005,15,2012,12,8
364,tunnel_opening,CHN,111.4010128418,27.19682535408,24,2011,8,28
365,tunnel_opening,CHN,118.4945099424,28.3558661547,0,2011,11,21
366,tunnel_opening,CHN,118.4945099424,28.3558661547,5,2010,11,14
367,tunnel_opening,CHN,117.07506474279998,25.729522646200003,12,2006,9,24
368,tunnel_opening,PRK,126.3945437418,38.253571200900005,0,2012,12,20
369,tunnel_opening,CHN,119.8674800424,27.48566151018,0,2011,11,24
370,tunnel_opening,CHN,119.6367077424,27.97535102514,1,2012,11,27
371,tunnel_opening,CHN,116.2120362424,29.72891796078,0,2011,12,4
372,tunnel_opening,CHN,121.0913067428,28.88960668996,0,2012,11,14
373,tunnel_opening,CHN,121.0913067428,28.88960668996,54,2012,11,2
374,tunnel_opening,PRK,126.2774889424,40.1976162546,0,2010,12,31
375,tunnel_opening,PRK,126.2774889424,40.1976162546,23,2009,10,23
376,tunnel_opening,PRK,126.2774889424,40.1976162546,0,2006,12,3
377,tunnel_opening,PRK,126.2774889424,40.1976162546,24,2007,1,3
378,tunnel_opening,PRK,126.2774889424,40.1976162546,0,2007,1,31
379,tunnel_opening,PRK,126.2774889424,40.1976162546,0,2008,4,7
380,tunnel_opening,CHN,113.1166412428,23.01409561644,38,2012,12,13
381,tunnel_opening,CHN,113.1166412428,23.01409561644,0,2011,12,23
382,tunnel_opening,PHL,121.0253622424,14.546932485979998,18,2006,4,23
383,tunnel_opening,CHN,108.9230118424,33.9687572493,0,2010,12,19
384,tunnel_opening,CHN,113.4183249418,23.22874468836001,0,2011,10,19
385,tunnel_opening,CHN,118.2956117428,40.634002099,1,2011,9,19
386,tunnel_opening,CHN,121.3771247418,38.9156476779,1,2012,11,23
387,tunnel_opening,PRK,125.6075203394,38.97070000188,0,2010,4,3
388,tunnel_opening,PRK,125.6075203394,38.97070000188,0,2009,9,9
389,tunnel_opening,PRK,125.6075203394,38.97070000188,0,2010,4,3
390,tunnel_opening,CHN,121.3123532424,28.17518637382,0,2012,10,15
391,tunnel_opening,CHN,108.7693361428,30.967547940040003,1,2009,9,22
392,tunnel_opening,CHN,112.6695298424,26.81714398084,7,2009,6,7
393,tunnel_opening,CHN,116.66572814239998,40.53742549976,4,2012,9,14
394,tunnel_opening,CHN,116.66572814239998,40.53742549976,0,2012,12,3
395,tunnel_opening,CHN,116.66572814239998,40.53742549976,0,2009,10,14
396,tunnel_opening,CHN,119.5126155424,28.51065794136,2,2010,12,20
397,tunnel_opening,CHN,112.5456808418,26.77729083722,8,2009,4,14
398,tunnel_opening,CHN,112.5456808418,26.77729083722,7,2009,6,7
399,tunnel_opening,CHN,120.95651474180002,37.2323843388,20,2012,6,12
400,tunnel_opening,CHN,120.95651474180002,37.2323843388,13,2012,11,19
401,tunnel_opening,CHN,121.2216021424,28.40989275964,0,2012,10,15
402,tunnel_opening,CHN,117.7329055418,26.3674627772,0,2011,4,25
403,tunnel_opening,CHN,117.7329055418,26.3674627772,2,2007,10,25
404,tunnel_opening,CHN,117.7329055418,26.3674627772,12,2006,9,24
405,tunnel_opening,CHN,102.97311004239998,24.76510146828,24,2006,5,6
406,tunnel_opening,CHN,105.1271224424,32.15201557012,0,2010,4,23
407,tunnel_opening,CHN,102.6319039424,29.3728498624,0,2012,4,1
408,tunnel_opening,CHN,121.2687686418,28.07761650748,0,2012,10,15
409,tunnel_opening,CHN,115.9637827428,40.68258614968,0,2011,5,22
410,tunnel_opening,CHN,115.9637827428,40.68258614968,0,2011,2,25
411,tunnel_opening,PRK,126.4329025424,38.20381915694001,0,2012,12,20
412,tunnel_opening,PRK,126.4329025424,38.20381915694001,1,2008,12,28
413,tunnel_opening,CHN,111.85298174240002,21.58534199418,1,2011,4,11
414,tunnel_opening,CHN,111.2751216428,38.82713803702,0,2012,12,23
415,tunnel_opening,CHN,119.4802198424,29.598719847940007,2,2010,12,20
416,tunnel_opening,CHN,120.3010881424,28.775491952,0,2010,5,1
417,tunnel_opening,CHN,114.3181466424,23.53725446442,0,2010,11,3
418,tunnel_opening,CHN,119.3163113428,28.088659348520004,0,2011,11,24
419,tunnel_opening,CHN,119.2716137418,29.84618062396,1,2011,11,25
420,tunnel_opening,CHN,119.2716137418,29.84618062396,0,2012,9,30
421,tunnel_opening,CHN,120.3325251424,29.56800402674,14,2009,12,23
422,tunnel_opening,CHN,111.9108098424,27.357781941039995,0,2011,1,12
423,tunnel_opening,CHN,116.0324716424,40.33166354212001,5,2012,8,23
424,tunnel_opening,CHN,116.3773001424,30.69169981468,0,2011,3,23
425,tunnel_opening,CHN,102.8419726428,29.74127980894,0,2012,4,1
426,tunnel_opening,CHN,119.8555322424,29.50579308294,0,2011,11,28
427,tunnel_opening,CHN,119.8555322424,29.50579308294,0,2011,11,24
428,tunnel_opening,CHN,119.8555322424,29.50579308294,0,2012,10,1
429,tunnel_opening,CHN,107.55261614239998,29.8312787645,9,2010,9,19
430,tunnel_opening,CHN,107.55261614239998,29.8312787645,13,2010,9,18
431,tunnel_opening,CHN,103.8485418418,28.36194197758,9,2012,11,28
432,tunnel_opening,CHN,121.5847512424,28.3320979652,0,2012,12,4
433,tunnel_opening,CHN,119.6209550428,28.36764029968,0,2010,12,8
434,tunnel_opening,CHN,105.4109497418,32.6002291794,1,2010,4,23
435,tunnel_opening,CHN,105.4109497418,32.6002291794,6,2012,7,5
436,tunnel_opening,CHN,107.59089984279998,31.2756239067,3,2012,3,13
437,tunnel_opening,CHN,118.6778989424,28.948027915500003,15,2012,12,8
438,tunnel_opening,PRK,126.2993236398,39.9795368389,24,2007,1,3
439,tunnel_opening,PRK,126.2993236398,39.9795368389,0,2007,1,8
440,tunnel_opening,PRK,126.2993236398,39.9795368389,0,2011,9,23
441,tunnel_opening,PRK,126.2993236398,39.9795368389,0,2011,4,19
442,tunnel_opening,PRK,126.2993236398,39.9795368389,0,2007,3,18
443,tunnel_opening,PRK,126.2993236398,39.9795368389,0,2010,12,31
444,tunnel_opening,CHN,117.9886824428,28.732672987959997,33,2012,12,24
445,tunnel_opening,CHN,117.8176371424,25.65570169124,15,2010,3,23
446,tunnel_opening,CHN,117.8176371424,25.65570169124,13,2010,3,31
447,tunnel_opening,CHN,121.7510710424,29.4965873463,0,2009,1,15
448,tunnel_opening,CHN,113.3418276418,23.21265133806,0,2011,10,19
449,tunnel_opening,CHN,120.5841695424,28.091292158799995,1,2012,11,7
450,tunnel_opening,CHN,120.5841695424,28.091292158799995,0,2012,10,15
451,tunnel_opening,CHN,120.1537403424,28.79640723228,0,2010,5,1
452,tunnel_opening,CHN,120.7911790424,28.83574358378,15,2009,9,6
453,tunnel_opening,CHN,120.7911790424,28.83574358378,0,2012,10,3
454,tunnel_opening,CHN,121.4232008424,38.83890809608,1,2012,11,23
455,tunnel_opening,CHN,121.2878915424,28.82285263408,0,2012,10,15
456,tunnel_opening,CHN,118.79929484240002,29.70391246178,0,2012,10,19
457,tunnel_opening,CHN,105.8430635424,33.332912548859994,0,2012,1,24
458,tunnel_opening,CHN,114.88559894240002,31.4684405048,0,2011,4,24
459,tunnel_opening,PRK,125.9276283398,39.10845039044,0,2010,10,24
460,tunnel_opening,PRK,125.9276283398,39.10845039044,0,2010,12,13
461,tunnel_opening,PRK,125.9276283398,39.10845039044,0,2010,5,1
462,tunnel_opening,PRK,125.9276283398,39.10845039044,0,2010,5,1
463,tunnel_opening,CHN,109.8696230424,33.66350999858,0,2012,12,9
464,tunnel_opening,CHN,111.8524005424,21.588975804640004,1,2011,4,11
465,tunnel_opening,CHN,118.4075049418,40.4207813999,1,2011,9,19
466,tunnel_opening,CHN,117.7483523424,26.37970162136,2,2007,10,25
467,tunnel_opening,CHN,117.7483523424,26.37970162136,12,2006,9,24
468,tunnel_opening,CHN,117.7483523424,26.37970162136,0,2011,4,25
469,tunnel_opening,CHN,111.1505854424,38.93008344972,0,2012,12,23
470,tunnel_opening,CHN,120.2956089428,28.14428975748,0,2009,12,6
471,tunnel_opening,CHN,119.8572279424,28.07511159844,0,2011,11,24
472,tunnel_opening,CHN,101.0186133424,21.9713736362,12,2012,5,14
473,tunnel_opening,CHN,116.6592249424,40.6028089375,4,2012,9,14
474,tunnel_opening,CHN,116.6592249424,40.6028089375,0,2011,10,5
475,tunnel_opening,CHN,116.6592249424,40.6028089375,0,2012,12,3
476,tunnel_opening,CHN,120.2179892424,29.692416916960003,0,2011,11,13
477,tunnel_opening,CHN,120.2179892424,29.692416916960003,29,2012,12,30
478,tunnel_opening,CHN,116.2151400424,39.848007271540006,0,2010,9,27
479,tunnel_opening,CHN,120.7192763428,28.4318261428,19,2010,11,20
480,tunnel_opening,CHN,121.3127666418,29.17930940918,0,2012,1,26
481,tunnel_opening,CHN,119.6028079424,32.4920826165,0,2010,11,25
482,tunnel_opening,CHN,119.6028079424,32.4920826165,3,2012,5,10
483,tunnel_opening,CHN,119.6028079424,32.4920826165,0,2012,5,21
484,tunnel_opening,CHN,120.5621471418,28.314039797240003,0,2012,10,15
485,tunnel_opening,CHN,119.0965544418,29.993276207520005,3,2010,11,7
486,tunnel_opening,CHN,117.8656680424,40.98409371264,0,2011,9,5
487,tunnel_opening,CHN,120.6714862424,28.06462105918,19,2010,11,20
488,tunnel_opening,CHN,120.6714862424,28.06462105918,1,2012,11,7
489,tunnel_opening,CHN,116.3651721424,36.11047211812,1,2012,3,27
490,tunnel_opening,CHN,116.3651721424,36.11047211812,11,2012,3,30
491,tunnel_opening,CHN,118.7853574424,30.02013471486,0,2012,10,19
492,tunnel_opening,CHN,111.2627001418,30.53897889634,2,2012,8,10
493,tunnel_opening,KOR,127.7889923424,35.002512300060005,0,2012,3,15
494,tunnel_opening,CHN,103.28350164239998,25.37682103422,2,2012,2,20
495,tunnel_opening,CHN,120.3546842424,29.42054184958,14,2009,12,23
496,tunnel_opening,CHN,123.3370330424,39.8532110973,16,2012,11,7
497,tunnel_opening,CHN,114.4264907428,22.61245787492,0,2011,12,2
498,tunnel_opening,CHN,112.7187318424,26.742395712660013,1,2010,9,17
499,tunnel_opening,CHN,112.7187318424,26.742395712660013,7,2009,6,7
500,tunnel_opening,CHN,106.20171334239998,32.7922071039,3,2012,4,20
501,tunnel_opening,CHN,120.7645369424,28.82837415538,0,2012,10,3
502,tunnel_opening,CHN,120.7645369424,28.82837415538,15,2009,9,6
503,tunnel_opening,PRK,126.3154926938,38.3389900995,0,2007,3,18
504,tunnel_opening,CHN,103.8716989424,28.32396873414,9,2012,11,28
505,tunnel_opening,CHN,121.8380542424,29.1882816446,0,2012,3,31
506,tunnel_opening,CHN,119.3679458424,29.88519507854,0,2012,9,30
507,tunnel_opening,CHN,119.2361166418,28.7365494028,1,2011,11,25
508,tunnel_opening,CHN,103.7939910424,28.557828821100006,9,2012,11,28
509,tunnel_opening,CHN,103.7939910424,28.557828821100006,18,2012,11,28
510,tunnel_opening,CHN,120.7149450424,28.45827154264001,19,2010,11,20
511,tunnel_opening,PRK,126.31645768980002,39.57238247314,0,2011,4,19
512,tunnel_opening,PRK,126.31645768980002,39.57238247314,0,2010,12,31
513,tunnel_opening,PRK,126.31645768980002,39.57238247314,0,2011,9,23
514,tunnel_opening,PRK,126.31645768980002,39.57238247314,0,2011,9,23
515,tunnel_opening,PRK,126.31645768980002,39.57238247314,4,2011,9,20
516,tunnel_opening,CHN,106.6378842424,31.8802440243,31,2012,5,10
517,tunnel_opening,CHN,106.6378842424,31.8802440243,2,2011,8,26
518,tunnel_opening,CHN,119.1918301424,28.80592506914,1,2011,11,25
519,tunnel_opening,KOR,127.1702040424,37.22389509812,1,2006,5,1
520,tunnel_opening,CHN,118.1363568424,31.02536317662,0,2010,11,22
521,tunnel_opening,PRK,125.4414741184,38.861259081540005,11,2006,2,20
522,tunnel_opening,PRK,125.4414741184,38.861259081540005,0,2010,4,3
523,tunnel_opening,PRK,125.4414741184,38.861259081540005,0,2010,10,18
524,tunnel_opening,PRK,125.4414741184,38.861259081540005,0,2003,1,28
525,tunnel_opening,PRK,125.4414741184,38.861259081540005,0,2005,11,9
526,tunnel_opening,CHN,112.6770079418,21.863272613720003,1,2011,12,29
527,tunnel_opening,CHN,120.1888494424,35.96952286008,1,2011,11,13
528,tunnel_opening,CHN,118.6691682418,28.94819571616,15,2012,12,8
529,tunnel_opening,CHN,118.6691682418,28.94819571616,39,2010,11,14
530,tunnel_opening,CHN,117.2563035428,36.61881181250001,0,2012,11,1
531,tunnel_opening,CHN,113.1495145428,23.52514272616,0,2010,10,28
532,tunnel_opening,CHN,120.6064394424,29.93542277746,0,2009,12,23
533,tunnel_opening,CHN,120.6064394424,29.93542277746,0,2012,3,25
534,tunnel_opening,CHN,110.6848449424,32.38599206416,22,2012,5,17
535,tunnel_opening,PRK,125.8548101418,39.7562610057,0,2010,8,2
536,tunnel_opening,CHN,120.7532048424,28.17581597624,15,2009,9,6
537,tunnel_opening,CHN,120.7532048424,28.17581597624,0,2012,10,3
538,tunnel_opening,CHN,120.7532048424,28.17581597624,1,2012,11,7
539,tunnel_opening,CHN,120.7532048424,28.17581597624,19,2010,11,20
540,tunnel_opening,CHN,113.8876817418,22.483639380800003,2,2011,4,11
541,tunnel_opening,CHN,113.8876817418,22.483639380800003,5,2010,8,4
542,tunnel_opening,CHN,113.8876817418,22.483639380800003,0,2011,12,10
543,tunnel_opening,CHN,106.6569292418,34.36330671036,7,2011,10,7
544,tunnel_opening,CHN,119.9969276428,29.39083773334,0,2012,10,1
545,tunnel_opening,CHN,119.9969276428,29.39083773334,0,2011,11,24
546,tunnel_opening,CHN,119.9969276428,29.39083773334,0,2010,11,9
547,tunnel_opening,CHN,120.54915534239998,28.77852116356,0,2012,10,15
548,tunnel_opening,CHN,120.9040598418,37.26224448244,0,2012,10,25
549,tunnel_opening,CHN,120.9040598418,37.26224448244,13,2012,11,19
550,tunnel_opening,PRK,126.4013120894,38.86882889364,0,2007,1,21
551,tunnel_opening,PRK,126.4013120894,38.86882889364,75,2004,9,21
552,tunnel_opening,PRK,126.4013120894,38.86882889364,19,2004,9,26
553,tunnel_opening,CHN,115.1637487428,22.829452443260003,0,2011,12,18
554,tunnel_opening,CHN,101.6921217428,21.33042405038,1,2011,2,28
555,tunnel_opening,CHN,119.9524484424,28.54092075682,0,2011,11,24
556,tunnel_opening,CHN,112.7123638424,27.08872596128,1,2010,9,17
557,tunnel_opening,CHN,112.7123638424,27.08872596128,0,2011,2,7
558,tunnel_opening,PRK,126.2190983424,38.3912825787,0,2012,11,14
559,tunnel_opening,PRK,126.2190983424,38.3912825787,0,2012,11,14
560,tunnel_opening,PRK,126.2190983424,38.3912825787,0,2007,3,18
561,tunnel_opening,PRK,126.2190983424,38.3912825787,7,2007,9,17
562,tunnel_opening,CHN,112.2514951424,21.70502794626,20,2011,3,1
563,tunnel_opening,CHN,120.5217469424,29.91531759784,0,2009,12,23
564,tunnel_opening,CHN,120.5217469424,29.91531759784,0,2012,3,25
565,tunnel_opening,CHN,118.5638897424,32.088058999720005,3,2012,9,16
566,tunnel_opening,CHN,118.5638897424,32.088058999720005,0,2010,10,31
567,tunnel_opening,CHN,118.5638897424,32.088058999720005,0,2012,12,8
568,tunnel_opening,CHN,113.5321584424,22.32663570416,25,2012,12,16
569,tunnel_opening,CHN,120.4460936418,31.850310398660003,0,2012,10,1
570,tunnel_opening,PRK,125.91389818940004,39.10688928278,0,2010,10,24
571,tunnel_opening,PRK,125.91389818940004,39.10688928278,0,2010,12,13
572,tunnel_opening,PRK,125.91389818940004,39.10688928278,0,2010,5,1
573,tunnel_opening,PRK,125.91389818940004,39.10688928278,0,2010,5,1
574,tunnel_opening,CHN,113.3183789418,22.00738364344,0,2011,12,23
575,tunnel_opening,CHN,121.2248898424,29.02289900398,0,2012,10,15
576,tunnel_opening,CHN,121.2248898424,29.02289900398,0,2012,1,26
577,tunnel_opening,CHN,121.2248898424,29.02289900398,54,2012,11,2
578,tunnel_opening,CHN,110.6972990424,32.5200115354,22,2012,5,17
579,tunnel_opening,CHN,119.2786813424,28.66368482452,1,2011,11,25
580,tunnel_opening,CHN,119.2786813424,28.66368482452,0,2012,9,30
581,tunnel_opening,CHN,119.2786813424,28.66368482452,0,2011,11,24
582,tunnel_opening,PRK,125.7270127424,38.58161451846,0,2012,11,14
583,tunnel_opening,PRK,125.7270127424,38.58161451846,0,2002,4,20
584,tunnel_opening,PRK,125.7270127424,38.58161451846,0,2005,1,7
585,tunnel_opening,PRK,125.7270127424,38.58161451846,0,2006,5,11
586,tunnel_opening,PRK,125.7270127424,38.58161451846,0,2008,1,8
587,tunnel_opening,PRK,125.7270127424,38.58161451846,0,2006,11,12
588,tunnel_opening,PRK,125.7270127424,38.58161451846,0,2007,10,15
589,tunnel_opening,KOR,127.2765148424,37.24382349406,1,2006,5,1
590,tunnel_opening,CHN,120.1882646418,27.91016258164,7,2012,9,17
591,tunnel_opening,CHN,120.1882646418,27.91016258164,3,2009,11,25
592,tunnel_opening,CHN,121.2828069424,29.66930482572,0,2012,1,26
593,tunnel_opening,PRK,125.9138995424,39.10678833246,0,2010,5,1
594,tunnel_opening,PRK,125.9138995424,39.10678833246,0,2010,5,1
595,tunnel_opening,PRK,125.9138995424,39.10678833246,0,2010,10,24
596,tunnel_opening,PRK,125.9138995424,39.10678833246,0,2010,12,13
597,tunnel_opening,PRK,126.4628863424,38.1187325391,0,2012,12,20
598,tunnel_opening,CHN,119.8717136418,28.91866340246,0,2011,11,24
599,tunnel_opening,CHN,119.9835703424,30.20064873516,0,2012,10,1
600,tunnel_opening,PRK,126.4060217424,38.86876024444,19,2004,9,26
601,tunnel_opening,PRK,126.4060217424,38.86876024444,0,2007,1,21
602,tunnel_opening,CHN,113.6532224418,22.807855576620003,0,2011,12,10
603,tunnel_opening,CHN,112.9071621424,21.87256764188,0,2012,11,13
604,tunnel_opening,CHN,112.5673141424,23.40364014054,10,2011,11,23
605,tunnel_opening,CHN,119.2523900424,28.69914346016,1,2011,11,25
606,tunnel_opening,CHN,119.2523900424,28.69914346016,0,2011,11,24
607,tunnel_opening,CHN,121.1612621424,28.378625341500005,0,2012,11,14
608,tunnel_opening,CHN,109.5300319418,36.37403955626,0,2012,3,29
609,tunnel_opening,CHN,114.2988461428,30.5446689191,0,2009,11,19
610,tunnel_opening,CHN,122.0102387424,37.28018566845999,1,2012,10,12
611,tunnel_opening,CHN,109.4660777418,36.58008202846,0,2012,3,29
612,tunnel_opening,CHN,121.0698586424,28.86725300492,54,2012,11,2
613,tunnel_opening,CHN,121.0698586424,28.86725300492,0,2012,11,14
614,tunnel_opening,CHN,113.1807848424,22.43838264336,0,2011,12,23
615,tunnel_opening,CHN,113.1807848424,22.43838264336,0,2010,10,28
616,tunnel_opening,CHN,103.0935968424,29.3340999117,16,2010,10,30
617,tunnel_opening,CHN,107.0597641428,29.15145680188,3,2010,11,10
618,tunnel_opening,CHN,108.7825329428,30.96813914246,1,2009,9,22
619,tunnel_opening,CHN,109.3180882424,35.9180760203,0,2012,4,4
620,tunnel_opening,CHN,118.6229270424,28.990986780600004,15,2012,12,8
621,tunnel_opening,CHN,118.6229270424,28.990986780600004,0,2011,11,21
622,tunnel_opening,CHN,104.49002184239998,28.67731367678,5,2012,2,23
623,tunnel_opening,PRK,126.4158873174,38.22602427552,1,2008,12,28
624,tunnel_opening,PRK,126.4158873174,38.22602427552,0,2012,12,20
625,tunnel_opening,CHN,110.3763280418,36.07040083102,1,2012,5,6
626,tunnel_opening,CHN,121.1725920424,28.11283263934,0,2012,11,14
627,tunnel_opening,CHN,120.7040359418,27.93778498446,7,2012,9,17
628,tunnel_opening,CHN,120.7040359418,27.93778498446,8,2010,9,18
629,tunnel_opening,CHN,105.8273020418,29.65961628686,3,2011,5,5
630,tunnel_opening,CHN,120.2821323418,28.073546992520004,0,2009,12,6
631,tunnel_opening,CHN,118.5852258424,28.94772051432,0,2011,11,21
632,tunnel_opening,CHN,118.5852258424,28.94772051432,15,2012,12,8
633,tunnel_opening,CHN,105.9159806418,31.68628611224,0,2011,4,30
634,tunnel_opening,PRK,125.7656695844,39.04921800936,0,2010,12,12
635,tunnel_opening,PRK,125.7656695844,39.04921800936,0,2010,12,13
636,tunnel_opening,PRK,125.7656695844,39.04921800936,0,2009,12,20
637,tunnel_opening,PRK,125.7656695844,39.04921800936,0,2010,10,7
638,tunnel_opening,PRK,125.7656695844,39.04921800936,0,2010,4,25
639,tunnel_opening,PRK,125.7656695844,39.04921800936,0,2010,4,25
640,tunnel_opening,PRK,125.7656695844,39.04921800936,0,2010,10,24
641,tunnel_opening,CHN,110.1065008424,25.36540889436,0,2011,11,20
642,tunnel_opening,CHN,120.2327135424,31.50088003922,0,2011,9,3
643,tunnel_opening,CHN,111.5144088424,27.19289833944,24,2011,8,28
644,tunnel_opening,CHN,116.6876353424,40.41246435674,0,2009,10,14
645,tunnel_opening,CHN,116.6876353424,40.41246435674,0,2012,12,3
646,tunnel_opening,CHN,104.7743161418,31.5304573624,0,2012,12,5
647,tunnel_opening,CHN,104.7743161418,31.5304573624,26,2010,5,22
648,tunnel_opening,CHN,104.7743161418,31.5304573624,0,2011,8,15
649,tunnel_opening,CHN,104.7743161418,31.5304573624,0,2011,9,29
650,tunnel_opening,CHN,116.7347749424,40.62643235916,0,2012,3,29
651,tunnel_opening,CHN,116.7347749424,40.62643235916,0,2012,12,3
652,tunnel_opening,CHN,116.7347749424,40.62643235916,0,2011,10,5
653,tunnel_opening,CHN,121.2309230424,28.75171436156,54,2012,11,2
654,tunnel_opening,HKG,114.1056395428,22.3348455294,6,2011,8,1
655,tunnel_opening,CHN,113.3650298424,23.29927161046,0,2011,10,19
656,tunnel_opening,CHN,106.7592157424,29.55124576094,15,2010,12,21
657,tunnel_opening,CHN,126.2686146428,41.15184288664,86,2008,5,13
658,tunnel_opening,CHN,126.2686146428,41.15184288664,0,2007,12,16
659,tunnel_opening,CHN,126.2686146428,41.15184288664,0,2008,4,7
660,tunnel_opening,CHN,121.30962484239998,28.819377520800003,0,2012,10,15
661,tunnel_opening,CHN,103.0892031424,24.91007305406,0,2012,2,1
662,tunnel_opening,KOR,126.50217314239998,34.939444413080004,0,2012,5,3
663,tunnel_opening,CHN,120.3905761424,29.25331289696,14,2009,12,23
664,tunnel_opening,CHN,120.3905761424,29.25331289696,0,2011,5,20
665,tunnel_opening,CHN,120.3905761424,29.25331289696,0,2011,5,20
666,tunnel_opening,CHN,121.0961380418,28.87087391874,54,2012,11,2
667,tunnel_opening,CHN,121.0961380418,28.87087391874,0,2012,11,14
668,tunnel_opening,CHN,101.0601246424,21.93858973798,12,2012,5,14
669,tunnel_opening,CHN,102.7024500424,29.34357534876,0,2012,4,1
670,tunnel_opening,CHN,109.4676114424,36.58225053888,0,2012,3,29
671,tunnel_opening,CHN,121.6152968424,28.28488168702,0,2012,12,4
672,tunnel_opening,CHN,117.4937844424,26.22306486798,12,2006,9,24
673,tunnel_opening,CHN,117.4937844424,26.22306486798,3,2006,1,9
674,tunnel_opening,CHN,114.65575574240002,22.904274975160003,0,2011,12,2
675,tunnel_opening,CHN,109.4849852424,36.62646084808,0,2012,3,29
676,tunnel_opening,CHN,120.2416750418,28.1916934354,0,2009,12,6
677,tunnel_opening,CHN,119.2577286424,40.12747169536,0,2012,5,21
678,tunnel_opening,CHN,118.9211358424,27.74363696268,5,2010,11,3
679,tunnel_opening,CHN,117.3054037424,34.78250040022,1,2012,10,14
680,tunnel_opening,CHN,117.3054037424,34.78250040022,7,2010,10,9
681,tunnel_opening,CHN,119.9539388418,27.823179358380003,4,2009,11,7
682,tunnel_opening,CHN,119.9539388418,27.823179358380003,0,2011,11,24
683,tunnel_opening,CHN,102.6334961424,29.37028655254,0,2012,4,1
684,tunnel_opening,CHN,115.6270111424,26.990491505580007,6,2012,6,14
685,tunnel_opening,CHN,120.2577290424,31.585883993400003,1,2012,6,12
686,tunnel_opening,CHN,120.2577290424,31.585883993400003,0,2011,9,3
687,tunnel_opening,CHN,118.4983108424,28.32899365298,0,2011,11,21
688,tunnel_opening,CHN,118.4983108424,28.32899365298,5,2010,11,14
689,tunnel_opening,CHN,120.0065549428,29.37623647602,0,2012,10,1
690,tunnel_opening,CHN,120.0065549428,29.37623647602,0,2010,11,9
691,tunnel_opening,CHN,120.0065549428,29.37623647602,0,2011,11,13
692,tunnel_opening,CHN,115.9576981418,40.70328685698,0,2011,5,22
693,tunnel_opening,CHN,115.9576981418,40.70328685698,0,2011,2,25
694,tunnel_opening,CHN,113.35463384240002,23.2285672884,0,2011,10,19
695,tunnel_opening,CHN,106.2059246428,32.79339620882,3,2012,4,20
696,tunnel_opening,CHN,119.63851074240002,28.1628233274,1,2012,11,27
697,tunnel_opening,CHN,119.63851074240002,28.1628233274,0,2010,12,8
698,tunnel_opening,KOR,126.68857734239998,37.65528678056,6,2006,8,4
699,tunnel_opening,KOR,126.68857734239998,37.65528678056,0,2012,1,10
700,tunnel_opening,PRK,125.4410107418,38.8612604071,0,2010,10,18
701,tunnel_opening,PRK,125.4410107418,38.8612604071,0,2010,4,3
702,tunnel_opening,PRK,125.4410107418,38.8612604071,11,2006,2,20
703,tunnel_opening,PRK,125.4410107418,38.8612604071,0,2005,11,9
704,tunnel_opening,PRK,125.4410107418,38.8612604071,0,2003,1,28
705,tunnel_opening,CHN,119.8856032418,27.58097626168,0,2011,11,24
706,tunnel_opening,CHN,112.8002068424,27.91159498664,1,2010,9,17
707,tunnel_opening,CHN,112.8002068424,27.91159498664,0,2011,2,7
708,tunnel_opening,PRK,125.8497436024,39.75478169794,0,2010,8,2
709,tunnel_opening,CHN,120.6297204424,27.95223723898,7,2012,9,17
710,tunnel_opening,CHN,121.0901526428,28.8490942345,54,2012,11,2
711,tunnel_opening,CHN,121.0901526428,28.8490942345,0,2012,11,14
712,tunnel_opening,CHN,119.8359935424,30.4163935015,0,2012,10,1
713,tunnel_opening,KOR,126.7029878424,37.18999433520001,0,2012,1,10
714,tunnel_opening,KOR,126.7029878424,37.18999433520001,6,2006,8,4
715,tunnel_opening,CHN,116.6305724418,39.90260354876,0,2010,9,27
716,tunnel_opening,CHN,116.6305724418,39.90260354876,0,2009,10,14
717,tunnel_opening,CHN,119.8529017424,28.509506337140003,0,2011,11,24
718,tunnel_opening,CHN,113.2740573424,23.186144054960003,0,2010,10,28
719,tunnel_opening,CHN,102.7111561428,25.09794738628,90,2011,10,23
720,tunnel_opening,CHN,120.7159851424,28.4366288609,19,2010,11,20
721,tunnel_opening,CHN,117.8856607424,40.434753771660006,0,2011,9,5
722,tunnel_opening,CHN,120.4577745424,28.95725725072,14,2009,12,23
723,tunnel_opening,CHN,120.4577745424,28.95725725072,0,2010,3,26
724,tunnel_opening,CHN,120.4577745424,28.95725725072,0,2012,10,15
725,tunnel_opening,CHN,119.9700052418,30.05568345612,0,2012,10,1
726,tunnel_opening,CHN,120.6803097428,28.20955490266,1,2012,11,7
727,tunnel_opening,CHN,120.6803097428,28.20955490266,19,2010,11,20
728,tunnel_opening,PRK,126.3334005394,39.96387571044,0,2011,4,19
729,tunnel_opening,PRK,126.3334005394,39.96387571044,24,2007,1,3
730,tunnel_opening,PRK,126.3334005394,39.96387571044,0,2007,3,18
731,tunnel_opening,PRK,126.3334005394,39.96387571044,0,2010,12,31
732,tunnel_opening,PRK,126.3334005394,39.96387571044,0,2011,9,23
733,tunnel_opening,CHN,119.8538328428,28.52472909514,0,2011,11,24
734,tunnel_opening,CHN,121.6206489418,28.2873663964,0,2012,12,4
735,tunnel_opening,CHN,119.4296971424,34.689416878859994,0,2012,12,8
736,tunnel_opening,CHN,119.4296971424,34.689416878859994,12,2012,9,5
737,tunnel_opening,CHN,119.6383260424,29.78573788448,3,2012,9,20
738,tunnel_opening,CHN,119.6383260424,29.78573788448,0,2010,12,8
739,tunnel_opening,CHN,110.5728860418,24.68165129076,0,2009,12,5
740,tunnel_opening,CHN,119.8529443424,28.06283255184,0,2011,11,24
741,tunnel_opening,CHN,103.8535671424,28.37325692078,9,2012,11,28
742,tunnel_opening,CHN,103.4779172424,31.102980995240003,0,2010,3,16
743,tunnel_opening,CHN,121.1149799424,28.82550334386,0,2012,11,14
744,tunnel_opening,CHN,121.1149799424,28.82550334386,54,2012,11,2
745,tunnel_opening,CHN,105.9160594424,31.6799924855,0,2011,4,30
746,tunnel_opening,CHN,120.5829371418,28.05211041202001,1,2012,11,7
747,tunnel_opening,CHN,120.5829371418,28.05211041202001,0,2012,10,15
748,tunnel_opening,CHN,103.2184448418,25.99400536482,24,2006,5,6
749,tunnel_opening,CHN,111.93925144240002,24.691209822720005,1,2012,10,22
750,tunnel_opening,KOR,127.73178714239998,37.272517632340005,3,2010,5,9
751,tunnel_opening,CHN,119.0101938428,40.4019429029,0,2011,9,19
752,tunnel_opening,CHN,120.1953162424,35.967898252400005,1,2011,11,13
753,tunnel_opening,CHN,120.1953162424,35.967898252400005,0,2002,5,23
754,tunnel_opening,PRK,125.6985556838,38.69864179164001,0,2012,11,14
755,tunnel_opening,CHN,120.5646459424,28.1196178653,0,2012,10,15
756,tunnel_opening,CHN,116.3873635424,40.00052354764001,0,2009,12,22
757,tunnel_opening,CHN,123.4198322424,41.81414796486,0,2010,11,15
758,tunnel_opening,CHN,123.4198322424,41.81414796486,0,2011,9,23
759,tunnel_opening,PRK,126.3627647424,39.84916357712,17,2002,6,8
760,tunnel_opening,PRK,126.3627647424,39.84916357712,4,2011,9,20
761,tunnel_opening,PRK,126.3627647424,39.84916357712,0,2011,4,19
762,tunnel_opening,PRK,126.3627647424,39.84916357712,0,2011,9,23
763,tunnel_opening,PRK,126.3627647424,39.84916357712,0,2010,12,31
764,tunnel_opening,PRK,126.3627647424,39.84916357712,0,2002,11,4
765,tunnel_opening,PRK,126.3627647424,39.84916357712,19,2004,9,26
766,tunnel_opening,CHN,106.46636284180002,32.18694301832,5,2012,4,20
767,tunnel_opening,CHN,103.9391964424,28.81412590054,0,2012,12,31
768,tunnel_opening,CHN,103.9391964424,28.81412590054,9,2012,11,28
769,tunnel_opening,KOR,127.1471860424,37.29628634629999,1,2006,5,1
770,tunnel_opening,CHN,109.73717542922824,33.815416809005704,0,2012,12,9
771,tunnel_opening,CHN,105.4583222424,35.715289577339995,0,2012,11,12
772,tunnel_opening,CHN,119.6233498424,28.005003735360003,1,2012,11,27
773,tunnel_opening,CHN,119.6233498424,28.005003735360003,0,2010,12,8
774,tunnel_opening,CHN,119.3079251424,25.8451338466,47,2007,7,25
775,tunnel_opening,PRK,125.9596319394,39.81441299954,4,2006,4,2
776,tunnel_opening,PRK,125.9596319394,39.81441299954,0,2006,10,12
777,tunnel_opening,PRK,125.9596319394,39.81441299954,11,2006,2,20
778,tunnel_opening,PRK,125.9596319394,39.81441299954,0,2005,11,9
779,tunnel_opening,CHN,119.9299960428,27.418221263320003,0,2011,11,24
780,tunnel_opening,KOR,127.6903118418,34.94370543288001,0,2012,3,15
781,tunnel_opening,CHN,120.3991767418,29.011289359000003,14,2009,12,23
782,tunnel_opening,CHN,120.3991767418,29.011289359000003,0,2010,3,26
783,tunnel_opening,CHN,117.2897531428,26.084862283200003,17,2004,12,9
784,tunnel_opening,CHN,117.2897531428,26.084862283200003,6,2005,4,4
785,tunnel_opening,CHN,117.2897531428,26.084862283200003,12,2006,9,24
786,tunnel_opening,CHN,102.8190765428,24.87323233062,24,2006,5,6
787,tunnel_opening,CHN,119.9024138428,29.29834927222,0,2012,10,1
788,tunnel_opening,CHN,120.8824281424,29.29084454264,0,2012,11,18
789,tunnel_opening,CHN,120.8824281424,29.29084454264,15,2009,9,6
790,tunnel_opening,CHN,120.8824281424,29.29084454264,0,2012,11,14
791,tunnel_opening,CHN,117.8565082424,30.69925584578,1,2005,11,29
792,tunnel_opening,CHN,118.3830541428,29.370525153520003,5,2010,11,14
793,tunnel_opening,PRK,125.6919829788,39.03232658128,0,2010,4,3
794,tunnel_opening,PRK,125.6919829788,39.03232658128,0,2010,4,25
795,tunnel_opening,PRK,125.6919829788,39.03232658128,0,2010,10,24
796,tunnel_opening,PRK,125.6919829788,39.03232658128,0,2009,12,20
797,tunnel_opening,PRK,125.6919829788,39.03232658128,0,2010,10,7
798,tunnel_opening,PRK,125.6919829788,39.03232658128,0,2010,12,12
799,tunnel_opening,PRK,126.0247669898,38.9952345246,0,2010,5,1
800,tunnel_opening,PRK,126.0247669898,38.9952345246,0,2010,5,1
801,tunnel_opening,PRK,126.0247669898,38.9952345246,0,2012,2,29
802,tunnel_opening,PRK,126.0247669898,38.9952345246,0,2012,2,3
803,tunnel_opening,CHN,116.9254139428,35.42958205708,22,2011,9,19
804,tunnel_opening,CHN,116.9254139428,35.42958205708,0,2012,11,17
805,tunnel_opening,CHN,116.9254139428,35.42958205708,1,2011,12,23
806,tunnel_opening,CHN,112.7525815418,22.83502876082,19,2012,10,9
807,tunnel_opening,CHN,120.5822537428,28.059087838160004,0,2012,10,15
808,tunnel_opening,CHN,120.5822537428,28.059087838160004,1,2012,11,7
809,tunnel_opening,CHN,112.8143148418,27.29477171072,0,2010,12,22
810,tunnel_opening,CHN,112.8143148418,27.29477171072,1,2010,9,17
811,tunnel_opening,CHN,112.8143148418,27.29477171072,0,2011,2,7
812,tunnel_opening,CHN,110.4510281424,24.70169515674,0,2009,12,5
813,tunnel_opening,CHN,113.2330771424,23.00908470072001,0,2010,10,28
814,tunnel_opening,CHN,113.2330771424,23.00908470072001,0,2011,12,23
815,tunnel_opening,CHN,112.7270788424,27.2032423766,1,2010,9,17
816,tunnel_opening,CHN,112.7270788424,27.2032423766,0,2010,12,22
817,tunnel_opening,CHN,112.7270788424,27.2032423766,0,2011,2,7
818,tunnel_opening,KOR,127.1340417428,36.79268363748,1,2006,5,1
819,tunnel_opening,CHN,111.9076608424,22.978528605700003,0,2012,12,31
820,tunnel_opening,CHN,111.9076608424,22.978528605700003,1,2012,10,22
821,tunnel_opening,CHN,111.9076608424,22.978528605700003,5,2012,2,13
822,tunnel_opening,KOR,126.6973324418,37.421866551460006,0,2012,1,10
823,tunnel_opening,CHN,117.3095782424,31.86974848092,28,2006,4,30
824,tunnel_opening,CHN,118.4090224428,29.25601510762,5,2010,11,14
825,tunnel_opening,CHN,106.8933568424,29.26110312732,15,2010,12,21
826,tunnel_opening,CHN,109.4710939428,35.98786244509999,0,2012,3,29
827,tunnel_opening,PRK,126.4421237894,39.03144700484,0,2007,1,21
828,tunnel_opening,PRK,126.4421237894,39.03144700484,0,2011,9,23
829,tunnel_opening,PRK,126.4421237894,39.03144700484,27,2008,2,21
830,tunnel_opening,PRK,126.4421237894,39.03144700484,0,2008,10,12
831,tunnel_opening,PRK,126.4421237894,39.03144700484,4,2011,9,20
832,tunnel_opening,PRK,126.4421237894,39.03144700484,19,2004,9,26
833,tunnel_opening,CHN,110.7325493424,31.92701922136,10,2010,7,7
834,tunnel_opening,CHN,102.8276271424,29.250992587639995,0,2012,4,1
835,tunnel_opening,CHN,119.5999162424,28.74418183252,0,2010,12,8
836,tunnel_opening,CHN,119.5999162424,28.74418183252,1,2012,11,27
837,tunnel_opening,CHN,121.1869789424,27.9905310813,0,2012,11,14
838,tunnel_opening,CHN,118.0806883428,36.1604596528,0,2012,3,25
839,tunnel_opening,CHN,121.8055055428,31.1396813466,22,2012,8,30
840,tunnel_opening,CHN,121.8055055428,31.1396813466,2,2012,11,14
841,tunnel_opening,CHN,120.2696033424,28.16968925346,0,2009,12,6
842,tunnel_opening,CHN,114.9447360428,33.465505428600004,0,2012,4,26
843,tunnel_opening,CHN,119.2344681424,28.740801319280006,1,2011,11,25
844,tunnel_opening,CHN,118.4789781424,29.0870521518,5,2010,11,14
845,tunnel_opening,CHN,105.2212793418,32.20024187496,0,2010,4,23
846,tunnel_opening,CHN,121.1671825418,28.22243945182,0,2012,11,14
847,tunnel_opening,CHN,112.1622191424,24.675009868000004,1,2012,10,22
848,tunnel_opening,CHN,102.8233779424,29.24535526616,0,2012,4,1
849,tunnel_opening,CHN,121.4238099424,30.0531928466,0,2009,12,31
850,tunnel_opening,CHN,120.4975725428,27.60324324376,0,2012,12,19
851,tunnel_opening,CHN,120.4975725428,27.60324324376,0,2012,10,15
852,tunnel_opening,CHN,120.4975725428,27.60324324376,1,2011,12,19
853,tunnel_opening,CHN,112.7388618428,27.621185909,0,2011,2,7
854,tunnel_opening,CHN,112.7388618428,27.621185909,1,2010,9,17
855,tunnel_opening,CHN,117.9259330418,40.95878008098,0,2011,9,5
856,tunnel_opening,CHN,116.1419566424,39.88121424054,0,2010,9,27
857,tunnel_opening,CHN,119.1675070424,29.300536780940003,1,2011,11,25
858,tunnel_opening,CHN,119.8762310428,28.41634368408,0,2011,11,24
859,tunnel_opening,CHN,120.1495671428,28.79684493396,0,2010,5,1
860,tunnel_opening,CHN,121.2378380418,28.44418278914,0,2012,10,15
861,tunnel_opening,CHN,117.9138623424,29.131319422920004,37,2012,9,2
862,tunnel_opening,CHN,117.9138623424,29.131319422920004,0,2010,11,11
863,tunnel_opening,CHN,119.0009268424,28.4898236623,20,2012,10,23
864,tunnel_opening,CHN,102.6837119418,25.028160350779995,90,2011,10,23
865,tunnel_opening,CHN,126.2693944394,41.15206958708,0,2007,12,16
866,tunnel_opening,CHN,126.2693944394,41.15206958708,0,2008,4,7
867,tunnel_opening,CHN,126.2693944394,41.15206958708,86,2008,5,13
868,tunnel_opening,CHN,113.2729221424,22.9915220466,0,2010,10,28
869,tunnel_opening,CHN,113.2729221424,22.9915220466,0,2011,12,23
870,tunnel_opening,KOR,127.74985954180002,34.741476514199995,0,2012,3,15
871,tunnel_opening,CHN,120.2028870418,31.57034452868,0,2011,9,3
872,tunnel_opening,CHN,120.4104652428,27.89681883208,7,2012,9,17
873,tunnel_opening,CHN,120.4104652428,27.89681883208,18,2011,10,31
874,tunnel_opening,CHN,120.4104652428,27.89681883208,1,2011,12,19
875,tunnel_opening,PRK,126.5321003424,37.96497408706,0,2010,9,7
876,tunnel_opening,PRK,126.5321003424,37.96497408706,0,2010,5,7
877,tunnel_opening,PRK,126.5321003424,37.96497408706,0,2011,2,9
878,tunnel_opening,PRK,126.5321003424,37.96497408706,0,2011,10,31
879,tunnel_opening,PRK,126.5321003424,37.96497408706,0,2011,2,9
880,tunnel_opening,CHN,103.8658844424,28.68469550494001,9,2012,11,28
881,tunnel_opening,CHN,120.5074535424,28.919557405760003,0,2012,10,15
882,tunnel_opening,CHN,119.0973553424,28.02277480202,20,2012,10,23
883,tunnel_opening,KOR,127.7233267424,37.272267731140005,3,2010,5,9
884,tunnel_opening,CHN,111.19368684239998,27.7733294726,2,2011,6,8
885,tunnel_opening,CHN,116.0561543424,39.8768319181,0,2010,9,27
886,tunnel_opening,CHN,113.3520875424,23.21162483424,0,2011,10,19
887,tunnel_opening,CHN,114.4129209424,22.9689237759,0,2010,11,3
888,tunnel_opening,CHN,114.4129209424,22.9689237759,0,2011,12,2
889,tunnel_opening,KOR,126.4099665424,36.99357049526,0,2010,1,25
890,tunnel_opening,PRK,126.2249888424,38.38795316234,7,2007,9,17
891,tunnel_opening,PRK,126.2249888424,38.38795316234,0,2007,3,18
892,tunnel_opening,PRK,126.2249888424,38.38795316234,0,2012,11,14
893,tunnel_opening,PRK,126.2249888424,38.38795316234,0,2012,11,14
894,tunnel_opening,CHN,120.6205572428,28.15139428442,19,2010,11,20
895,tunnel_opening,CHN,120.6205572428,28.15139428442,1,2012,11,7
896,tunnel_opening,CHN,120.5424514424,28.78259937984,0,2012,10,15
897,tunnel_opening,CHN,120.9204349424,28.8893179894,0,2012,10,15
898,tunnel_opening,CHN,120.9204349424,28.8893179894,0,2012,10,3
899,tunnel_opening,CHN,120.9204349424,28.8893179894,2,2009,4,10
900,tunnel_opening,CHN,121.1434200424,28.377288335940005,0,2012,11,14
901,tunnel_opening,PRK,125.9660496898,39.57795635186,0,2004,3,7
902,tunnel_opening,PRK,125.9660496898,39.57795635186,17,2011,1,14
903,tunnel_opening,CHN,118.6558845424,29.000680218200003,0,2011,11,21
904,tunnel_opening,CHN,118.6558845424,29.000680218200003,15,2012,12,8
905,tunnel_opening,CHN,118.6558845424,29.000680218200003,39,2010,11,14
906,tunnel_opening,CHN,103.3720708424,26.0902856017,2,2012,2,20
907,tunnel_opening,CHN,109.98385474239998,35.973394978440005,0,2011,4,13
908,tunnel_opening,CHN,107.0645705424,31.61946713348,17,2011,8,9
909,tunnel_opening,CHN,107.0645705424,31.61946713348,0,2011,5,19
910,tunnel_opening,CHN,119.9278805424,29.98537127652,0,2012,10,1
911,tunnel_opening,CHN,119.9278805424,29.98537127652,0,2011,11,24
912,tunnel_opening,CHN,106.9486153428,29.028037923520003,3,2010,11,10
913,tunnel_opening,CHN,104.7092977428,26.14283268574,5,2012,12,20
914,tunnel_opening,CHN,119.40062014240002,28.0968557797,2,2010,12,20
915,tunnel_opening,CHN,119.40062014240002,28.0968557797,0,2011,11,24
916,tunnel_opening,CHN,118.8938049424,26.197043376880004,36,2006,12,23
917,tunnel_opening,CHN,105.9990003428,30.890357824,8,2010,11,21
918,tunnel_opening,CHN,105.9990003428,30.890357824,59,2011,10,7
919,tunnel_opening,CHN,105.9990003428,30.890357824,24,2010,11,21
920,tunnel_opening,CHN,121.1322261424,28.32193972642,0,2012,11,14
921,tunnel_opening,CHN,120.12717314239998,29.90432185476,0,2011,11,13
922,tunnel_opening,CHN,120.12717314239998,29.90432185476,0,2010,11,9
923,tunnel_opening,CHN,112.72660384239998,27.20293537572,1,2010,9,17
924,tunnel_opening,CHN,112.72660384239998,27.20293537572,0,2010,12,22
925,tunnel_opening,CHN,112.72660384239998,27.20293537572,0,2011,2,7
926,tunnel_opening,CHN,120.4944564424,27.598912327540003,1,2011,12,19
927,tunnel_opening,CHN,120.4944564424,27.598912327540003,0,2012,10,15
928,tunnel_opening,CHN,120.4944564424,27.598912327540003,0,2012,12,19
929,tunnel_opening,CHN,108.6318156418,30.982031399240004,1,2009,9,22
930,tunnel_opening,CHN,120.6103791424,27.99614320278,1,2012,11,7
931,tunnel_opening,CHN,120.6103791424,27.99614320278,7,2012,9,17
932,tunnel_opening,CHN,120.6103791424,27.99614320278,19,2010,11,20
933,tunnel_opening,CHN,120.6103791424,27.99614320278,0,2012,10,15
934,tunnel_opening,HKG,114.0667598424,22.37530325156,0,2012,12,24
935,tunnel_opening,CHN,116.4219673424,40.23709105672,0,2010,11,8
936,tunnel_opening,CHN,116.4219673424,40.23709105672,0,2009,12,30
937,tunnel_opening,CHN,116.4219673424,40.23709105672,0,2009,12,22
938,tunnel_opening,CHN,120.1222277424,33.19912446522,0,2012,1,23
939,tunnel_opening,CHN,120.5870217424,36.27276927958,0,2011,4,20
940,tunnel_opening,CHN,120.5870217424,36.27276927958,1,2012,2,16
941,tunnel_opening,CHN,120.5870217424,36.27276927958,5,2012,12,8
942,tunnel_opening,CHN,118.4190609424,29.18494373134,5,2010,11,14
943,tunnel_opening,CHN,102.7292608428,29.60620347696,0,2012,4,1
944,tunnel_opening,PRK,126.0246285418,38.99536297544,0,2012,2,3
945,tunnel_opening,PRK,126.0246285418,38.99536297544,0,2012,2,29
946,tunnel_opening,PRK,126.0246285418,38.99536297544,0,2010,5,1
947,tunnel_opening,PRK,126.0246285418,38.99536297544,0,2010,5,1
948,tunnel_opening,CHN,105.3843842428,32.21962005666,6,2012,7,5
949,tunnel_opening,CHN,105.3843842428,32.21962005666,1,2010,4,23
950,tunnel_opening,CHN,105.3843842428,32.21962005666,0,2010,3,27
951,tunnel_opening,CHN,117.9057542428,40.9811428975,0,2011,9,5
952,tunnel_opening,PRK,126.3056640428,38.34481144965999,0,2007,3,18
953,tunnel_opening,CHN,119.9650480424,28.36689339646,0,2011,11,24
954,tunnel_opening,CHN,107.4710482424,29.3441626506,28,2011,8,14
955,tunnel_opening,PRK,126.3204847424,39.68804235944,0,2011,4,19
956,tunnel_opening,PRK,126.3204847424,39.68804235944,0,2010,12,31
957,tunnel_opening,PRK,126.3204847424,39.68804235944,0,2011,9,23
958,tunnel_opening,PRK,126.3204847424,39.68804235944,4,2011,9,20
959,tunnel_opening,PRK,126.3204847424,39.68804235944,0,2011,9,23
960,tunnel_opening,CHN,102.8801104428,24.94283796366,24,2006,5,6
961,tunnel_opening,KOR,126.7177935418,37.7262122245,0,2012,1,10
962,tunnel_opening,CHN,106.8572749428,29.567920126859995,15,2010,12,21
963,tunnel_opening,CHN,118.4527230424,40.59256218452,1,2011,9,19
964,tunnel_opening,CHN,102.7360933424,29.61502751206,0,2012,4,1
965,tunnel_opening,CHN,121.1938495424,28.793853222480006,0,2012,11,14
966,tunnel_opening,CHN,121.1938495424,28.793853222480006,54,2012,11,2
967,tunnel_opening,CHN,120.7152850424,28.44170307994,19,2010,11,20
968,tunnel_opening,CHN,119.94094804239998,28.673793463240003,0,2011,11,24
969,tunnel_opening,CHN,121.2244992424,28.990261578,54,2012,11,2
970,tunnel_opening,CHN,121.2244992424,28.990261578,0,2012,1,26
971,tunnel_opening,CHN,121.2244992424,28.990261578,0,2012,10,15
972,tunnel_opening,CHN,120.4180542418,28.16148142236,0,2009,11,25
973,tunnel_opening,CHN,114.3998394428,22.96653306826,0,2011,12,2
974,tunnel_opening,CHN,114.3998394428,22.96653306826,0,2010,11,3
975,tunnel_opening,CHN,119.4825729424,28.1140361445,2,2010,12,20
976,tunnel_opening,CHN,117.5853335428,35.45719878422,0,2012,9,28
977,tunnel_opening,CHN,117.5853335428,35.45719878422,11,2012,10,14
978,tunnel_opening,CHN,117.5853335428,35.45719878422,0,2012,3,11
979,tunnel_opening,CHN,117.5853335428,35.45719878422,0,2010,1,21
980,tunnel_opening,CHN,113.9118304428,22.4844906834,2,2011,4,11
981,tunnel_opening,CHN,113.9118304428,22.4844906834,5,2010,8,4
982,tunnel_opening,CHN,113.9118304428,22.4844906834,10,2011,11,29
983,tunnel_opening,CHN,119.8726152418,28.43222774382,0,2011,11,24
984,tunnel_opening,CHN,102.8197121424,29.2867378274,0,2012,4,1
985,tunnel_opening,CHN,118.77709564239998,27.87184723862,0,2012,10,19
986,tunnel_opening,CHN,119.6154170418,28.3702217091,0,2010,12,8
987,tunnel_opening,CHN,121.6107512428,28.346389618920004,0,2012,12,4
988,tunnel_opening,CHN,116.0822411424,28.67520746818,0,2008,3,27
989,tunnel_opening,CHN,116.0822411424,28.67520746818,6,2012,8,5
990,tunnel_opening,CHN,117.2908411424,26.03989202514,12,2006,9,24
991,tunnel_opening,CHN,117.2908411424,26.03989202514,6,2005,4,4
992,tunnel_opening,PRK,125.9343312424,39.11028445002,0,2010,5,1
993,tunnel_opening,PRK,125.9343312424,39.11028445002,0,2010,5,1
994,tunnel_opening,PRK,125.9343312424,39.11028445002,0,2010,12,13
995,tunnel_opening,CHN,102.8191607428,29.2892810373,0,2012,4,1
996,tunnel_opening,CHN,120.7275836424,28.14986777842001,19,2010,11,20
997,tunnel_opening,CHN,120.7275836424,28.14986777842001,1,2012,11,7
998,tunnel_opening,CHN,108.4984933424,30.934646104820004,1,2009,9,22
999,tunnel_opening,CHN,119.4859392424,28.11373064276,2,2010,12,20
